0,Then go to the village pump and suggest they change the language in how a RFC should be set up.
1,Dis hoe wasnt dis violent on Lottery Ticket ðŸ˜‚ðŸ˜‚
0,It is better for Atabay not helping the banned vandals pushing their POV.
0,"is in CamelCase.  ""SiCKO"" is not CamelCase, so the CamelCase rule R. Baley mentions is inapplicable.  "
0,Nonetheless lactose has a hemiacetal group while e.g. sucrose and trehalose don't (they are locked acetals)
1,Yo bag Gucci but you still ugly hoe shut up
0,"Thanks
I would have used the ping thanks but it does not include my sentiments that I appreciate the time you took to add this. Much appreciated. |Talk"
0,I DID SAY THE RIGHT STUFF HOW IS IT INVAILD????????????????????
0,"Bias 
This article is pretty biased, with all the talk about how great the diet is and no criticisms."
1,"I love my family, but I wouldn't even need water to pop that Red Pill. That hoe is getting taken swiftly."
1,A kitten for you! dose this look like you bastard FUCKER??
0,Can a non-british individual be cabinet minister in the UK government?
0,the pen is mightier than the sword
0,i love bananas so yeah
0,this song seems really banal
0,grapes are really yummy